# RinaWarp Website Redirects v3.0
# Clean pretty URLs and API routing

# Pretty URL redirects
/terminal-pro            /terminal-pro.html          200
/pricing                 /pricing.html                200
/download                /download.html               200
/video-creator           /music-video-creator.html    200
/support                 /support.html                200
/faq                     /faq.html                    200
/blog                    /blog.html                   200
/affiliates              /affiliates.html             200
/refund-policy           /refund-policy.html          200
/founder-wave            /founder-wave.html           200
/contact                 /contact.html                200
/about                   /about.html                  200
/terms                   /terms.html                  200
/privacy                 /privacy.html                200
/dmca                    /dmca.html                   200
/success                 /terminal-pro-success.html   200
/activation              /terminal-pro-activation.html 200

# API routing
/api/*                   https://api.rinawarptech.com/:splat  200

# Legacy redirects (for SEO)
/old-terminal            /terminal-pro.html           301
/old-pricing             /pricing.html                301
/video-maker             /music-video-creator.html    301
/terminal                /terminal-pro.html           301
/app                     /index.html                  301

# Product redirects
/pro                     /terminal-pro.html           301
/terminal-pro-lifetime   /terminal-pro.html#lifetime  301
/lifetime                /terminal-pro.html#lifetime  301
/monthly                 /terminal-pro.html#monthly   301

# Blog redirects
/posts                   /blog.html                   200
/articles                /blog.html                   200

# Support redirects
/help                    /support.html                200
/docs                    /faq.html                    200

# Fallback for unknown routes (404 handling)
/*                       /index.html                  404

# Specific redirects for better SEO
/index-old               /index.html                  301
/old-index              /index.html                  301
/home                   /index.html                  301